<?xml version="1.0" encoding="UTF-8" ?>
<SpaceEvalTaskv1.2>
<TEXT><![CDATA[
        Bourbon Madrid
        West of Puerta del Sol is the city’s 18th-century expansion
        engineered by the Bourbon monarchs. Calle de Alcalá merges with Gran
        Vía and leads to the Plaza de la Cibeles and the Paseo del Prado,with
        its trio of art museums. The area’s spacious boulevards, grand plazas,
        and fountains are interspersed with densely populated 18th-century
        apartment buildings. After hitting the art world’s Big Three, visitors
        can repair to Retiro Park, where kings once found respite from the
        demands of hectic city life.
        Except for the traffic spitting out noise and air
        pollution, the ample Plaza de la Cibeles is splendid. The central
        fountain depicts Cybele, a controversial Greek fertility goddess,
        serenely settled in a chariot pulled by two lions. The sculptural
        ensemble is probably the best-known fountain in all Spain. The most
        unavoidable building on the plaza is the cathedral-like Palacio de
        Comunicaciones, teasingly nicknamed Nuestra Señora de las
        Comunicaciones (Our Lady of Communications). Inaugurated in 1919, the
        building is the quite remarkable central post office, with high
        ceilings and overhead walkways.
        Also facing Plaza de la Cibeles, the Banco de España (Bank
        of Spain) headquarters combines Neo-classical, Baroque, and rococo
        styles. The financial district, Madrid’s Wall Street, begins here on
        calle de Alcalá. Imposing buildings in this high-rent district contain
        the head offices or branches of more than 100 banks, plus insurance
        companies, the finance ministry, and on nearby Plaza de la Lealtad, the
        Bolsa de Comercio (Stock E xchange). Heading down leafy Paseo del Prado
        you’ll find the first, and greatest, of the art museums here.
]]></TEXT>
<TAGS>
<PLACE id="pl14" start="1012" end="1045" text="Palacio de         Comunicaciones" type="" dimensionality="AREA" form="NAM" domain="" continent="" state="" country="" ctv="" gazref="" latLong="" elevation="" mod="" dcl="FALSE" countable="TRUE" gquant="" scopes="" comment="" />
<PLACE id="pl15" start="1067" end="1111" text="Nuestra Señora de las         Comunicaciones" type="" dimensionality="AREA" form="NAM" domain="" continent="" state="" country="" ctv="" gazref="" latLong="" elevation="" mod="" dcl="FALSE" countable="TRUE" gquant="" scopes="" comment="" />
<PLACE id="pl16" start="1113" end="1139" text="Our Lady of Communications" type="" dimensionality="AREA" form="NAM" domain="" continent="" state="" country="" ctv="" gazref="" latLong="" elevation="" mod="" dcl="FALSE" countable="TRUE" gquant="" scopes="" comment="" />
<PLACE id="pl17" start="1175" end="1183" text="building" type="" dimensionality="AREA" form="NOM" domain="" continent="" state="" country="" ctv="" gazref="" latLong="" elevation="" mod="" dcl="FALSE" countable="TRUE" gquant="" scopes="" comment="" />
<PLACE id="pl18" start="1221" end="1227" text="office" type="" dimensionality="VOLUME" form="NOM" domain="" continent="" state="" country="" ctv="" gazref="" latLong="" elevation="" mod="" dcl="FALSE" countable="TRUE" gquant="" scopes="" comment="" />
<PLACE id="pl19" start="1299" end="1318" text="Plaza de la Cibeles" type="" dimensionality="AREA" form="NAM" domain="" continent="" state="" country="" ctv="" gazref="" latLong="" elevation="" mod="" dcl="FALSE" countable="TRUE" gquant="" scopes="" comment="" />
<PLACE id="pl20" start="1364" end="1376" text="headquarters" type="" dimensionality="AREA" form="NOM" domain="" continent="" state="" country="" ctv="" gazref="" latLong="" elevation="" mod="" dcl="FALSE" countable="TRUE" gquant="" scopes="" comment="" />
<PLACE id="pl21" start="1451" end="1459" text="district" type="" dimensionality="AREA" form="NOM" domain="" continent="" state="" country="" ctv="" gazref="" latLong="" elevation="" mod="" dcl="FALSE" countable="TRUE" gquant="" scopes="" comment="" />
<PLACE id="pl22" start="1461" end="1467" text="Madrid" type="" dimensionality="AREA" form="NAM" domain="" continent="" state="" country="" ctv="" gazref="" latLong="" elevation="" mod="" dcl="FALSE" countable="TRUE" gquant="" scopes="" comment="" />
<PLACE id="pl23" start="1490" end="1494" text="here" type="" dimensionality="AREA" form="NOM" domain="" continent="" state="" country="" ctv="" gazref="" latLong="" elevation="" mod="" dcl="FALSE" countable="TRUE" gquant="" scopes="" comment="" />
<PLACE id="pl24" start="1560" end="1568" text="district" type="" dimensionality="AREA" form="NOM" domain="" continent="" state="" country="" ctv="" gazref="" latLong="" elevation="" mod="" dcl="FALSE" countable="TRUE" gquant="" scopes="" comment="" />
<PLACE id="pl25" start="1594" end="1601" text="offices" type="" dimensionality="AREA" form="NOM" domain="" continent="" state="" country="" ctv="" gazref="" latLong="" elevation="" mod="" dcl="FALSE" countable="TRUE" gquant="" scopes="" comment="" />
<PLACE id="pl26" start="1605" end="1613" text="branches" type="" dimensionality="AREA" form="NOM" domain="" continent="" state="" country="" ctv="" gazref="" latLong="" elevation="" mod="" dcl="FALSE" countable="TRUE" gquant="" scopes="" comment="" />
<PLACE id="pl34" start="1661" end="1670" text="companies" type="" dimensionality="AREA" form="NOM" domain="" continent="" state="" country="" ctv="" gazref="" latLong="" elevation="" mod="" dcl="FALSE" countable="TRUE" gquant="" scopes="" comment="" />
<PLACE id="pl33" start="1684" end="1692" text="ministry" type="" dimensionality="AREA" form="NOM" domain="" continent="" state="" country="" ctv="" gazref="" latLong="" elevation="" mod="" dcl="FALSE" countable="TRUE" gquant="" scopes="" comment="" />
<PLACE id="pl27" start="1708" end="1727" text="Plaza de la Lealtad" type="" dimensionality="AREA" form="NAM" domain="" continent="" state="" country="" ctv="" gazref="" latLong="" elevation="" mod="" dcl="FALSE" countable="TRUE" gquant="" scopes="" comment="" />
<PLACE id="pl28" start="1741" end="1758" text="Bolsa de Comercio" type="" dimensionality="AREA" form="NAM" domain="" continent="" state="" country="" ctv="" gazref="" latLong="" elevation="" mod="" dcl="FALSE" countable="TRUE" gquant="" scopes="" comment="" />
<PLACE id="pl29" start="1760" end="1775" text="Stock E xchange" type="" dimensionality="POINT" form="NAM" domain="" continent="" state="" country="" ctv="" gazref="" latLong="" elevation="" mod="" dcl="FALSE" countable="TRUE" gquant="" scopes="" comment="" />
<PLACE id="pl31" start="1837" end="1842" text="first" type="" dimensionality="AREA" form="NOM" domain="" continent="" state="" country="" ctv="" gazref="" latLong="" elevation="" mod="" dcl="FALSE" countable="TRUE" gquant="" scopes="" comment="" />
<PLACE id="pl32" start="1869" end="1876" text="museums" type="" dimensionality="POINT" form="NOM" domain="" continent="" state="" country="" ctv="" gazref="" latLong="" elevation="" mod="" dcl="FALSE" countable="TRUE" gquant="" scopes="" comment="" />
<PLACE id="pl30" start="1877" end="1881" text="here" type="" dimensionality="AREA" form="NOM" domain="" continent="" state="" country="" ctv="" gazref="" latLong="" elevation="" mod="" dcl="FALSE" countable="TRUE" gquant="" scopes="" comment="" />
<PLACE id="pl3" start="198" end="217" text="Plaza de la Cibeles" type="" dimensionality="AREA" form="NAM" domain="" continent="" state="" country="" ctv="" gazref="" latLong="" elevation="" mod="" dcl="FALSE" countable="TRUE" gquant="" scopes="" comment="" />
<PLACE id="pl35" start="259" end="263" text="trio" type="" dimensionality="AREA" form="NOM" domain="" continent="" state="" country="" ctv="" gazref="" latLong="" elevation="" mod="" dcl="FALSE" countable="TRUE" gquant="" scopes="" comment="" />
<PLACE id="pl4" start="271" end="278" text="museums" type="" dimensionality="AREA" form="NOM" domain="" continent="" state="" country="" ctv="" gazref="" latLong="" elevation="" mod="" dcl="FALSE" countable="TRUE" gquant="" scopes="" comment="" />
<PLACE id="pl5" start="284" end="288" text="area" type="" dimensionality="AREA" form="NOM" domain="" continent="" state="" country="" ctv="" gazref="" latLong="" elevation="" mod="" dcl="FALSE" countable="TRUE" gquant="" scopes="" comment="" />
<PLACE id="pl6" start="318" end="324" text="plazas" type="" dimensionality="AREA" form="NOM" domain="" continent="" state="" country="" ctv="" gazref="" latLong="" elevation="" mod="" dcl="FALSE" countable="TRUE" gquant="" scopes="" comment="" />
<PLACE id="pl0" start="40" end="54" text="Puerta del Sol" type="" dimensionality="AREA" form="NAM" domain="" continent="" state="" country="" ctv="" gazref="" latLong="" elevation="" mod="" dcl="FALSE" countable="TRUE" gquant="" scopes="" comment="" />
<PLACE id="pl8" start="460" end="469" text="Big Three" type="" dimensionality="AREA" form="NOM" domain="" continent="" state="" country="" ctv="" gazref="" latLong="" elevation="" mod="" dcl="FALSE" countable="TRUE" gquant="" scopes="" comment="" />
<PLACE id="pl9" start="502" end="513" text="Retiro Park" type="" dimensionality="AREA" form="NOM" domain="" continent="" state="" country="" ctv="" gazref="" latLong="" elevation="" mod="" dcl="FALSE" countable="TRUE" gquant="" scopes="" comment="" />
<PLACE id="pl1" start="62" end="66" text="city" type="" dimensionality="AREA" form="NOM" domain="" continent="" state="" country="" ctv="" gazref="" latLong="" elevation="" mod="" dcl="FALSE" countable="TRUE" gquant="" scopes="" comment="" />
<PLACE id="pl10" start="679" end="698" text="Plaza de la Cibeles" type="" dimensionality="AREA" form="NAM" domain="" continent="" state="" country="" ctv="" gazref="" latLong="" elevation="" mod="ample" dcl="FALSE" countable="TRUE" gquant="" scopes="" comment="" />
<PLACE id="pl2" start="82" end="91" text="expansion" type="" dimensionality="AREA" form="NOM" domain="" continent="" state="" country="" ctv="" gazref="" latLong="" elevation="" mod="" dcl="FALSE" countable="TRUE" gquant="" scopes="" comment="" />
<PLACE id="pl11" start="932" end="937" text="Spain" type="" dimensionality="AREA" form="NAM" domain="" continent="" state="" country="" ctv="" gazref="" latLong="" elevation="" mod="" dcl="FALSE" countable="TRUE" gquant="" scopes="" comment="" />
<PLACE id="pl12" start="968" end="976" text="building" type="" dimensionality="VOLUME" form="NOM" domain="" continent="" state="" country="" ctv="" gazref="" latLong="" elevation="" mod="" dcl="FALSE" countable="TRUE" gquant="" scopes="" comment="" />
<PLACE id="pl13" start="984" end="989" text="plaza" type="" dimensionality="AREA" form="NOM" domain="" continent="" state="" country="" ctv="" gazref="" latLong="" elevation="" mod="" dcl="FALSE" countable="TRUE" gquant="" scopes="" comment="" />
<PATH id="p5" start="1247" end="1255" text="ceilings" beginID="" endID="" midIDs="" type="" dimensionality="VOLUME" form="NOM" domain="" gazref="" latLong="" elevation="" mod="high" dcl="FALSE" countable="TRUE" gquant="" scopes="" comment="" />
<PATH id="p6" start="1269" end="1277" text="walkways" beginID="" endID="" midIDs="" type="" dimensionality="VOLUME" form="NOM" domain="" gazref="" latLong="" elevation="" mod="" dcl="FALSE" countable="TRUE" gquant="" scopes="" comment="" />
<PATH id="p3" start="136" end="151" text="Calle de Alcalá" beginID="" endID="" midIDs="" type="" dimensionality="LINE" form="NAM" domain="" gazref="" latLong="" elevation="" mod="" dcl="FALSE" countable="TRUE" gquant="" scopes="" comment="" />
<PATH id="p7" start="1506" end="1521" text="calle de Alcalá" beginID="" endID="" midIDs="" type="" dimensionality="AREA" form="NAM" domain="" gazref="" latLong="" elevation="" mod="" dcl="FALSE" countable="TRUE" gquant="" scopes="" comment="" />
<PATH id="p4" start="164" end="180" text="Gran         Vía" beginID="" endID="" midIDs="" type="" dimensionality="LINE" form="NAM" domain="" gazref="" latLong="" elevation="" mod="" dcl="FALSE" countable="TRUE" gquant="" scopes="" comment="" />
<PATH id="p8" start="1797" end="1812" text="Paseo del Prado" beginID="" endID="" midIDs="" type="" dimensionality="LINE" form="NAM" domain="" gazref="" latLong="" elevation="" mod="" dcl="FALSE" countable="TRUE" gquant="" scopes="" comment="" />
<PATH id="p0" start="226" end="241" text="Paseo del Prado" beginID="" endID="" midIDs="" type="" dimensionality="AREA" form="NAM" domain="" gazref="" latLong="" elevation="" mod="" dcl="FALSE" countable="TRUE" gquant="" scopes="" comment="" />
<PATH id="p1" start="255" end="257" text="it" beginID="" endID="" midIDs="" type="" dimensionality="AREA" form="NOM" domain="" gazref="" latLong="" elevation="" mod="" dcl="FALSE" countable="TRUE" gquant="" scopes="" comment="" />
<PATH id="p2" start="300" end="310" text="boulevards" beginID="" endID="" midIDs="" type="" dimensionality="AREA" form="NOM" domain="" gazref="" latLong="" elevation="" mod="spacious" dcl="FALSE" countable="TRUE" gquant="" scopes="" comment="" />
<SPATIAL_ENTITY id="se5" start="1532" end="1541" text="buildings" type="" dimensionality="AREA" form="NOM" domain="" latLong="" elevation="" mod="" dcl="FALSE" countable="TRUE" gquant="" scopes="" comment="" />
<SPATIAL_ENTITY id="se6" start="1821" end="1824" text="you" type="" dimensionality="POINT" form="NOM" domain="" latLong="" elevation="" mod="" dcl="FALSE" countable="TRUE" gquant="" scopes="" comment="" />
<SPATIAL_ENTITY id="se0" start="338" end="347" text="fountains" type="" dimensionality="AREA" form="NOM" domain="" latLong="" elevation="" mod="" dcl="FALSE" countable="TRUE" gquant="" scopes="" comment="" />
<SPATIAL_ENTITY id="se1" start="471" end="479" text="visitors" type="" dimensionality="POINT" form="NOM" domain="" latLong="" elevation="" mod="" dcl="FALSE" countable="TRUE" gquant="" scopes="" comment="" />
<SPATIAL_ENTITY id="se2" start="732" end="740" text="fountain" type="" dimensionality="AREA" form="NOM" domain="" latLong="" elevation="" mod="" dcl="FALSE" countable="TRUE" gquant="" scopes="" comment="" />
<SPATIAL_ENTITY id="se4" start="828" end="835" text="chariot" type="" dimensionality="AREA" form="NOM" domain="" latLong="" elevation="" mod="" dcl="FALSE" countable="TRUE" gquant="" scopes="" comment="" />
<SPATIAL_ENTITY id="se7" start="880" end="888" text="ensemble" type="" dimensionality="AREA" form="NOM" domain="" latLong="" elevation="" mod="" dcl="FALSE" countable="TRUE" gquant="" scopes="" comment="" />
<SPATIAL_ENTITY id="se3" start="916" end="924" text="fountain" type="" dimensionality="AREA" form="NOM" domain="" latLong="" elevation="" mod="" dcl="FALSE" countable="TRUE" gquant="" scopes="" comment="" />
<NONMOTION_EVENT id="e0" start="615" end="622" text="traffic" domain="" latLong="" elevation="" mod="" countable="FALSE" gquant="" scopes="" comment="" />
<NONMOTION_EVENT id="e1" start="815" end="822" text="settled" domain="" latLong="" elevation="" mod="" countable="" gquant="" scopes="" comment="" />
<MOTION id="m0" start="152" end="158" text="merges" domain="" latLong="" elevation="" motion_type="PATH" motion_class="REACH" motion_sense="FICTIVE" mod="" countable="" gquant="" scopes="" comment="" />
<MOTION id="m5" start="1778" end="1785" text="Heading" domain="" latLong="" elevation="" motion_type="PATH" motion_class="FOLLOW" motion_sense="LITERAL" mod="" countable="" gquant="" scopes="" comment="" />
<MOTION id="m1" start="185" end="190" text="leads" domain="" latLong="" elevation="" motion_type="PATH" motion_class="REACH" motion_sense="FICTIVE" mod="" countable="" gquant="" scopes="" comment="" />
<MOTION id="m2" start="436" end="443" text="hitting" domain="" latLong="" elevation="" motion_type="PATH" motion_class="REACH" motion_sense="LITERAL" mod="" countable="" gquant="" scopes="" comment="" />
<MOTION id="m3" start="492" end="498" text="repair" domain="" latLong="" elevation="" motion_type="PATH" motion_class="REACH" motion_sense="LITERAL" mod="" countable="" gquant="" scopes="" comment="" />
<MOTION id="m4" start="836" end="842" text="pulled" domain="" latLong="" elevation="" motion_type="MANNER" motion_class="MOVE" motion_sense="FICTIVE" mod="" countable="" gquant="" scopes="" comment="" />
<SPATIAL_SIGNAL id="s3" start="1229" end="1233" text="with" cluster="" semantic_type="TOPOLOGICAL" comment="" />
<SPATIAL_SIGNAL id="s4" start="1260" end="1268" text="overhead" cluster="" semantic_type="DIRECTIONAL" comment="" />
<SPATIAL_SIGNAL id="s6" start="1292" end="1298" text="facing" cluster="" semantic_type="DIRECTIONAL" comment="" />
<SPATIAL_SIGNAL id="s5" start="1495" end="1497" text="on" cluster="" semantic_type="TOPOLOGICAL" comment="" />
<SPATIAL_SIGNAL id="s7" start="1542" end="1544" text="in" cluster="" semantic_type="TOPOLOGICAL" comment="" />
<SPATIAL_SIGNAL id="s8" start="1569" end="1576" text="contain" cluster="" semantic_type="TOPOLOGICAL" comment="" />
<SPATIAL_SIGNAL id="s9" start="1698" end="1700" text="on" cluster="" semantic_type="TOPOLOGICAL" comment="" />
<SPATIAL_SIGNAL id="s10" start="242" end="246" text="with" cluster="" semantic_type="TOPOLOGICAL" comment="" />
<SPATIAL_SIGNAL id="s0" start="32" end="39" text="West of" cluster="" semantic_type="DIRECTIONAL" comment="" />
<SPATIAL_SIGNAL id="s1" start="823" end="825" text="in" cluster="" semantic_type="TOPOLOGICAL" comment="" />
<SPATIAL_SIGNAL id="s11" start="925" end="927" text="in" cluster="" semantic_type="TOPOLOGICAL" comment="" />
<SPATIAL_SIGNAL id="s2" start="977" end="979" text="on" cluster="" semantic_type="TOPOLOGICAL" comment="" />
<MOTION_SIGNAL id="ms0" start="159" end="163" text="with" motion_signal_type="PATH" comment="" />
<MOTION_SIGNAL id="ms4" start="1786" end="1790" text="down" motion_signal_type="PATH" comment="" />
<MOTION_SIGNAL id="ms1" start="191" end="193" text="to" motion_signal_type="PATH" comment="" />
<MOTION_SIGNAL id="ms2" start="499" end="501" text="to" motion_signal_type="PATH" comment="" />
<MOTION_SIGNAL id="ms3" start="843" end="855" text="by two lions" motion_signal_type="MANNER" comment="" />
<MEASURE id="me0" start="1701" end="1707" text="nearby" value="NEAR" unit="" comment="" />
<QSLINK id="qsl0" fromID="pl18" fromText="office" toID="pl17" toText="building" relType="EQ" trajector="pl18" landmark="pl17" trigger="" comment="" />
<QSLINK id="qsl1" fromID="pl4" fromText="museums" toID="p1" toText="it" relType="EC" trajector="pl4" landmark="p1" trigger="" comment="" />
<QSLINK id="qsl2" fromID="p2" fromText="boulevards" toID="pl5" toText="area" relType="IN" trajector="p2" landmark="pl5" trigger="" comment="" />
<QSLINK id="qsl3" fromID="pl6" fromText="plazas" toID="pl5" toText="area" relType="IN" trajector="pl6" landmark="pl5" trigger="" comment="" />
<QSLINK id="qsl4" fromID="se0" fromText="fountains" toID="pl5" toText="area" relType="IN" trajector="se0" landmark="pl5" trigger="" comment="" />
<QSLINK id="qsl5" fromID="e1" fromText="settled" toID="se4" toText="chariot" relType="IN" trajector="e1" landmark="se4" trigger="s1" comment="" />
<QSLINK id="qsl6" fromID="se3" fromText="fountain" toID="pl11" toText="Spain" relType="IN" trajector="se3" landmark="pl11" trigger="s11" comment="" />
<QSLINK id="qsl7" fromID="pl12" fromText="building" toID="pl13" toText="plaza" relType="EC" trajector="pl12" landmark="pl13" trigger="s2" comment="" />
<QSLINK id="qsl8" fromID="p5" fromText="ceilings" toID="pl18" toText="office" relType="NTPP" trajector="p5" landmark="pl18" trigger="s3" comment="" />
<QSLINK id="qsl9" fromID="p6" fromText="walkways" toID="pl18" toText="office" relType="TPP" trajector="p6" landmark="pl18" trigger="s3" comment="" />
<QSLINK id="qsl10" fromID="pl23" fromText="here" toID="p7" toText="calle de Alcalá" relType="EC" trajector="pl12" landmark="p7" trigger="s5" comment="" />
<QSLINK id="qsl11" fromID="se5" fromText="buildings" toID="pl24" toText="district" relType="IN" trajector="se5" landmark="pl24" trigger="s7" comment="" />
<QSLINK id="qsl12" fromID="pl25" fromText="offices" toID="se5" toText="buildings" relType="IN" trajector="pl25" landmark="se5" trigger="s8" comment="" />
<QSLINK id="qsl13" fromID="pl26" fromText="branches" toID="se5" toText="buildings" relType="IN" trajector="pl26" landmark="se5" trigger="s8" comment="" />
<QSLINK id="qsl14" fromID="pl34" fromText="companies" toID="se5" toText="buildings" relType="IN" trajector="pl34" landmark="se5" trigger="s8" comment="" />
<QSLINK id="qsl15" fromID="pl33" fromText="ministry" toID="se5" toText="buildings" relType="IN" trajector="pl33" landmark="se5" trigger="s8" comment="" />
<QSLINK id="qsl16" fromID="pl28" fromText="Bolsa de Comercio" toID="pl27" toText="Plaza de la Lealtad" relType="EC" trajector="pl28" landmark="pl27" trigger="s9" comment="" />
<QSLINK id="qsl17" fromID="pl4" fromText="museums" toID="p0" toText="Paseo del Prado" relType="EC" trajector="pl4" landmark="p0" trigger="s10" comment="" />
<QSLINK id="qsl18" fromID="pl32" fromText="museums" toID="pl30" toText="here" relType="IN" trajector="pl32" landmark="pl30" trigger="" comment="" />
<OLINK id="ol0" fromID="pl2" fromText="expansion" toID="pl0" toText="Puerta del Sol" relType="WEST" trajector="pl2" landmark="pl0" trigger="s0" frame_type="ABSOLUTE" referencePt="WEST" projective="FALSE" comment="" />
<OLINK id="ol1" fromID="pl19" fromText="Plaza de la Cibeles" toID="pl20" toText="headquarters" relType="FRONT_FACE" trajector="pl19" landmark="pl20" trigger="s6" frame_type="INTRINSIC" referencePt="pl20" projective="FALSE" comment="" />
<MOVELINK id="mvl0" fromID="m0" fromText="merges" toID="p3" toText="Calle de Alcalá" trigger="m0" source="" goal="p4" midPoint="" mover="p3" landmark="" goal_reached="YES" pathID="" motion_signalID="ms0" comment="" />
<MOVELINK id="mvl1" fromID="m5" fromText="Heading" toID="se6" toText="you" trigger="m5" source="" goal="" midPoint="" mover="se6" landmark="" goal_reached="" pathID="p8" motion_signalID="ms4" comment="" />
<MOVELINK id="mvl2" fromID="m1" fromText="leads" toID="p3" toText="Calle de Alcalá" trigger="m1" source="" goal="pl3" midPoint="" mover="p3" landmark="" goal_reached="YES" pathID="" motion_signalID="ms1" comment="" />
<MOVELINK id="mvl3" fromID="m1" fromText="leads" toID="p3" toText="Calle de Alcalá" trigger="m1" source="" goal="p0" midPoint="" mover="p3" landmark="" goal_reached="YES" pathID="" motion_signalID="ms1" comment="" />
<MOVELINK id="mvl4" fromID="m2" fromText="hitting" toID="se1" toText="visitors" trigger="m2" source="" goal="pl8" midPoint="" mover="se1" landmark="" goal_reached="YES" pathID="" motion_signalID="" comment="" />
<MOVELINK id="mvl5" fromID="m3" fromText="repair" toID="se1" toText="visitors" trigger="m3" source="" goal="pl9" midPoint="" mover="se1" landmark="" goal_reached="YES" pathID="" motion_signalID="ms2" comment="" />
<MOVELINK id="mvl6" fromID="m4" fromText="pulled" toID="se4" toText="chariot" trigger="m4" source="" goal="" midPoint="" mover="se4" landmark="" goal_reached="" pathID="" motion_signalID="ms3" comment="" />
<MEASURELINK id="ml0" fromID="pl27" fromText="Plaza de la Lealtad" toID="pl24" toText="district" trajector="pl27" landmark="pl24" relType="DISTANCE" val="me0" endPoint1="" endPoint2="" comment="Maybe the landmark should be a PATH representing the 'calle de Alcalá'?" />
<METALINK id="metal0" fromID="pl4" fromText="museums" toID="pl35" toText="trio" objectID1="pl4" objectID2="pl35" relType="COREFERENCE" comment="" />
<METALINK id="metal1" fromID="pl5" fromText="area" toID="pl2" toText="expansion" objectID1="pl5" objectID2="pl2" relType="COREFERENCE" comment="" />
<METALINK id="metal2" fromID="pl8" fromText="Big Three" toID="pl35" toText="trio" objectID1="pl8" objectID2="pl35" relType="COREFERENCE" comment="" />
<METALINK id="metal3" fromID="pl19" fromText="Plaza de la Cibeles" toID="pl3" toText="Plaza de la Cibeles" objectID1="pl19" objectID2="pl3" relType="COREFERENCE" comment="" />
<METALINK id="metal4" fromID="pl10" fromText="Plaza de la Cibeles" toID="pl3" toText="Plaza de la Cibeles" objectID1="pl10" objectID2="pl3" relType="COREFERENCE" comment="" />
<METALINK id="metal5" fromID="pl14" fromText="Palacio de         Comunicaciones" toID="pl12" toText="building" objectID1="pl14" objectID2="pl12" relType="COREFERENCE" comment="" />
<METALINK id="metal6" fromID="pl15" fromText="Nuestra Señora de las         Comunicaciones" toID="pl12" toText="building" objectID1="pl15" objectID2="pl12" relType="COREFERENCE" comment="" />
<METALINK id="metal7" fromID="pl16" fromText="Our Lady of Communications" toID="pl12" toText="building" objectID1="pl16" objectID2="pl12" relType="COREFERENCE" comment="" />
<METALINK id="metal8" fromID="pl17" fromText="building" toID="pl12" toText="building" objectID1="pl17" objectID2="pl12" relType="COREFERENCE" comment="" />
<METALINK id="metal9" fromID="pl24" fromText="district" toID="pl21" toText="district" objectID1="pl24" objectID2="pl21" relType="COREFERENCE" comment="" />
<METALINK id="metal10" fromID="pl22" fromText="Madrid" toID="pl1" toText="city" objectID1="pl22" objectID2="pl1" relType="COREFERENCE" comment="" />
<METALINK id="metal11" fromID="pl23" fromText="here" toID="pl20" toText="headquarters" objectID1="pl23" objectID2="pl20" relType="COREFERENCE" comment="" />
<METALINK id="metal12" fromID="pl29" fromText="Stock E xchange" toID="pl28" toText="Bolsa de Comercio" objectID1="pl29" objectID2="pl28" relType="COREFERENCE" comment="" />
<METALINK id="metal13" fromID="pl31" fromText="first" toID="pl32" toText="museums" objectID1="pl31" objectID2="pl32" relType="SUBCOREFERENCE" comment="" />
<METALINK id="metal14" fromID="pl30" fromText="here" toID="pl2" toText="expansion" objectID1="pl30" objectID2="pl2" relType="COREFERENCE" comment="" />
<METALINK id="metal15" fromID="p7" fromText="calle de Alcalá" toID="p3" toText="Calle de Alcalá" objectID1="p7" objectID2="p3" relType="COREFERENCE" comment="" />
<METALINK id="metal16" fromID="p8" fromText="Paseo del Prado" toID="p0" toText="Paseo del Prado" objectID1="p8" objectID2="p0" relType="COREFERENCE" comment="" />
<METALINK id="metal17" fromID="p1" fromText="it" toID="p0" toText="Paseo del Prado" objectID1="p1" objectID2="p0" relType="COREFERENCE" comment="" />
<METALINK id="metal18" fromID="se7" fromText="ensemble" toID="se2" toText="fountain" objectID1="se7" objectID2="se2" relType="COREFERENCE" comment="" />
<METALINK id="metal19" fromID="se3" fromText="fountain" toID="se2" toText="fountain" objectID1="se3" objectID2="se2" relType="COREFERENCE" comment="" />
</TAGS>
</SpaceEvalTaskv1.2>